onset	duration	trial_type	value	sample
185.1	1.0	left_hand	1	37020
188.53	1.0	right_hand	3	37706
191.165	1.0	left_hand	1	38233
194.24	1.0	passive	2	38848
197.72	1.0	left_hand	1	39544
201.23	1.0	passive	2	40246
204.24	1.0	passive	2	40848
206.91	1.0	right_hand	3	41382
210.345	1.0	passive	2	42069
213.835	1.0	right_hand	3	42767
216.41	1.0	passive	2	43282
219.875	1.0	passive	2	43975
223.165	1.0	passive	2	44633
226.08	1.0	right_hand	3	45216
228.78	1.0	passive	2	45756
231.34	1.0	left_hand	1	46268
233.91	1.0	left_hand	1	46782
237.25	1.0	passive	2	47450
240.09	1.0	passive	2	48018
242.65	1.0	right_hand	3	48530
245.55	1.0	passive	2	49110
248.875	1.0	left_hand	1	49775
251.885	1.0	right_hand	3	50377
255.055	1.0	passive	2	51011
258.35	1.0	left_hand	1	51670
261.56	1.0	right_hand	3	52312
264.255	1.0	left_hand	1	52851
267.285	1.0	passive	2	53457
270.135	1.0	right_hand	3	54027
272.885	1.0	passive	2	54577
275.665	1.0	right_hand	3	55133
278.895	1.0	passive	2	55779
282.385	1.0	right_hand	3	56477
285.065	1.0	left_hand	1	57013
287.85	1.0	passive	2	57570
290.635	1.0	passive	2	58127
293.415	1.0	passive	2	58683
296.29	1.0	left_hand	1	59258
299.08	1.0	right_hand	3	59816
302.075	1.0	right_hand	3	60415
305.425	1.0	right_hand	3	61085
308.505	1.0	passive	2	61701
311.325	1.0	passive	2	62265
314.6	1.0	right_hand	3	62920
317.69	1.0	left_hand	1	63538
320.265	1.0	right_hand	3	64053
323.57	1.0	passive	2	64714
326.225	1.0	right_hand	3	65245
329.23	1.0	left_hand	1	65846
332.09	1.0	left_hand	1	66418
335.41	1.0	left_hand	1	67082
338.47	1.0	left_hand	1	67694
341.595	1.0	left_hand	1	68319
344.785	1.0	passive	2	68957
348.065	1.0	right_hand	3	69613
350.67	1.0	left_hand	1	70134
354.1	1.0	left_hand	1	70820
357.455	1.0	right_hand	3	71491
360.985	1.0	left_hand	1	72197
363.965	1.0	left_hand	1	72793
367.46	1.0	left_hand	1	73492
370.765	1.0	passive	2	74153
374.165	1.0	left_hand	1	74833
377.085	1.0	left_hand	1	75417
380.42	1.0	right_hand	3	76084
383.855	1.0	left_hand	1	76771
386.665	1.0	left_hand	1	77333
389.325	1.0	passive	2	77865
392.43	1.0	right_hand	3	78486
395.1	1.0	passive	2	79020
398.26	1.0	right_hand	3	79652
401.31	1.0	right_hand	3	80262
403.9	1.0	left_hand	1	80780
406.57	1.0	left_hand	1	81314
409.35	1.0	right_hand	3	81870
411.935	1.0	passive	2	82387
415.41	1.0	right_hand	3	83082
418.425	1.0	right_hand	3	83685
421.84	1.0	right_hand	3	84368
424.475	1.0	passive	2	84895
427.39	1.0	left_hand	1	85478
430.31	1.0	left_hand	1	86062
432.965	1.0	passive	2	86593
436.46	1.0	right_hand	3	87292
439.05	1.0	left_hand	1	87810
441.92	1.0	passive	2	88384
444.46	1.0	left_hand	1	88892
447.145	1.0	right_hand	3	89429
450.405	1.0	right_hand	3	90081
453.39	1.0	right_hand	3	90678
456.225	1.0	passive	2	91245
458.935	1.0	passive	2	91787
461.65	1.0	right_hand	3	92330
464.805	1.0	passive	2	92961
467.41	1.0	passive	2	93482
470.71	1.0	right_hand	3	94142
473.68	1.0	right_hand	3	94736
476.51	1.0	right_hand	3	95302
479.545	1.0	passive	2	95909
482.87	1.0	right_hand	3	96574
485.785	1.0	passive	2	97157
488.845	1.0	right_hand	3	97769
492.305	1.0	passive	2	98461
495.38	1.0	right_hand	3	99076
498.485	1.0	left_hand	1	99697
501.31	1.0	right_hand	3	100262
504.055	1.0	passive	2	100811
506.77	1.0	left_hand	1	101354
509.465	1.0	left_hand	1	101893
512.43	1.0	left_hand	1	102486
515.885	1.0	right_hand	3	103177
518.58	1.0	passive	2	103716
522.08	1.0	right_hand	3	104416
524.715	1.0	left_hand	1	104943
527.66	1.0	right_hand	3	105532
530.44	1.0	right_hand	3	106088
533.675	1.0	left_hand	1	106735
536.325	1.0	left_hand	1	107265
539.175	1.0	right_hand	3	107835
542.205	1.0	left_hand	1	108441
544.98	1.0	passive	2	108996
547.54	1.0	passive	2	109508
550.795	1.0	right_hand	3	110159
553.9	1.0	left_hand	1	110780
556.88	1.0	passive	2	111376
559.955	1.0	right_hand	3	111991
562.705	1.0	right_hand	3	112541
565.85	1.0	passive	2	113170
568.775	1.0	right_hand	3	113755
572.29	1.0	left_hand	1	114458
575.7	1.0	passive	2	115140
579.015	1.0	left_hand	1	115803
581.795	1.0	right_hand	3	116359
584.995	1.0	left_hand	1	116999
588.255	1.0	left_hand	1	117651
591.455	1.0	right_hand	3	118291
594.76	1.0	passive	2	118952
598.205	1.0	passive	2	119641
601.07	1.0	passive	2	120214
603.785	1.0	left_hand	1	120757
607.07	1.0	right_hand	3	121414
610.07	1.0	passive	2	122014
613.2	1.0	right_hand	3	122640
616.585	1.0	passive	2	123317
619.69	1.0	left_hand	1	123938
622.455	1.0	passive	2	124491
625.01	1.0	right_hand	3	125002
627.7	1.0	passive	2	125540
630.925	1.0	right_hand	3	126185
633.915	1.0	left_hand	1	126783
637.115	1.0	left_hand	1	127423
639.71	1.0	right_hand	3	127942
642.34	1.0	passive	2	128468
645.68	1.0	passive	2	129136
648.345	1.0	right_hand	3	129669
651.39	1.0	passive	2	130278
654.565	1.0	passive	2	130913
657.55	1.0	right_hand	3	131510
660.905	1.0	left_hand	1	132181
663.565	1.0	left_hand	1	132713
666.49	1.0	passive	2	133298
669.815	1.0	left_hand	1	133963
672.735	1.0	right_hand	3	134547
675.68	1.0	right_hand	3	135136
678.83	1.0	left_hand	1	135766
681.78	1.0	left_hand	1	136356
685.29	1.0	left_hand	1	137058
687.925	1.0	right_hand	3	137585
690.64	1.0	right_hand	3	138128
693.495	1.0	passive	2	138699
696.945	1.0	left_hand	1	139389
700.205	1.0	left_hand	1	140041
703.155	1.0	right_hand	3	140631
706.615	1.0	right_hand	3	141323
710.125	1.0	left_hand	1	142025
713.355	1.0	right_hand	3	142671
716.42	1.0	passive	2	143284
719.61	1.0	left_hand	1	143922
722.26	1.0	passive	2	144452
724.96	1.0	left_hand	1	144992
728.05	1.0	passive	2	145610
731.25	1.0	left_hand	1	146250
734.14	1.0	right_hand	3	146828
737.65	1.0	left_hand	1	147530
741.03	1.0	right_hand	3	148206
743.93	1.0	left_hand	1	148786
746.885	1.0	right_hand	3	149377
749.54	1.0	right_hand	3	149908
752.3	1.0	right_hand	3	150460
755.42	1.0	left_hand	1	151084
758.24	1.0	right_hand	3	151648
761.03	1.0	passive	2	152206
764.54	1.0	passive	2	152908
767.41	1.0	right_hand	3	153482
770.055	1.0	passive	2	154011
773.465	1.0	passive	2	154693
776.245	1.0	right_hand	3	155249
778.8	1.0	right_hand	3	155760
781.64	1.0	left_hand	1	156328
784.34	1.0	right_hand	3	156868
786.96	1.0	right_hand	3	157392
789.955	1.0	passive	2	157991
793.19	1.0	right_hand	3	158638
795.76	1.0	left_hand	1	159152
798.595	1.0	right_hand	3	159719
801.78	1.0	right_hand	3	160356
805.12	1.0	passive	2	161024
808.615	1.0	right_hand	3	161723
811.455	1.0	left_hand	1	162291
814.59	1.0	passive	2	162918
817.54	1.0	left_hand	1	163508
820.33	1.0	left_hand	1	164066
823.135	1.0	right_hand	3	164627
826.185	1.0	right_hand	3	165237
829.6	1.0	right_hand	3	165920
833.065	1.0	right_hand	3	166613
836.555	1.0	left_hand	1	167311
839.755	1.0	left_hand	1	167951
842.95	1.0	passive	2	168590
845.545	1.0	left_hand	1	169109
848.305	1.0	passive	2	169661
851.67	1.0	right_hand	3	170334
854.98	1.0	passive	2	170996
857.505	1.0	right_hand	3	171501
860.415	1.0	passive	2	172083
862.95	1.0	right_hand	3	172590
865.905	1.0	right_hand	3	173181
869.205	1.0	left_hand	1	173841
872.515	1.0	right_hand	3	174503
875.075	1.0	left_hand	1	175015
878.335	1.0	right_hand	3	175667
881.005	1.0	right_hand	3	176201
884.135	1.0	left_hand	1	176827
887.4	1.0	left_hand	1	177480
890.85	1.0	left_hand	1	178170
894.15	1.0	left_hand	1	178830
896.96	1.0	left_hand	1	179392
900.065	1.0	passive	2	180013
903.14	1.0	right_hand	3	180628
906.31	1.0	right_hand	3	181262
909.52	1.0	right_hand	3	181904
912.985	1.0	left_hand	1	182597
916.215	1.0	left_hand	1	183243
918.865	1.0	right_hand	3	183773
921.845	1.0	right_hand	3	184369
925.03	1.0	passive	2	185006
927.915	1.0	right_hand	3	185583
930.845	1.0	passive	2	186169
934.2	1.0	left_hand	1	186840
937.34	1.0	right_hand	3	187468
940.415	1.0	passive	2	188083
943.22	1.0	left_hand	1	188644
945.86	1.0	passive	2	189172
949.04	1.0	right_hand	3	189808
955.47	1.0	right_hand	3	191094
958.725	1.0	right_hand	3	191745
962.245	1.0	left_hand	1	192449
964.875	1.0	left_hand	1	192975
967.475	1.0	right_hand	3	193495
970.445	1.0	right_hand	3	194089
973.73	1.0	right_hand	3	194746
977.03	1.0	passive	2	195406
980.54	1.0	left_hand	1	196108
983.22	1.0	passive	2	196644
985.84	1.0	right_hand	3	197168
988.895	1.0	passive	2	197779
991.905	1.0	right_hand	3	198381
995.105	1.0	passive	2	199021
998.155	1.0	right_hand	3	199631
1000.835	1.0	right_hand	3	200167
1003.625	1.0	left_hand	1	200725
1006.9	1.0	left_hand	1	201380
1009.87	1.0	passive	2	201974
1012.765	1.0	passive	2	202553
1015.68	1.0	passive	2	203136
1018.91	1.0	right_hand	3	203782
1021.455	1.0	left_hand	1	204291
1024.41	1.0	left_hand	1	204882
1027.14	1.0	passive	2	205428
1030.105	1.0	passive	2	206021
1033.035	1.0	passive	2	206607
1035.95	1.0	passive	2	207190
1039.245	1.0	right_hand	3	207849
1041.99	1.0	passive	2	208398
1045.47	1.0	left_hand	1	209094
1048.68	1.0	right_hand	3	209736
1052.035	1.0	passive	2	210407
1054.72	1.0	passive	2	210944
1058.23	1.0	right_hand	3	211646
1061.65	1.0	right_hand	3	212330
1064.325	1.0	left_hand	1	212865
1067.265	1.0	passive	2	213453
1070.62	1.0	passive	2	214124
1073.475	1.0	right_hand	3	214695
1076.1	1.0	left_hand	1	215220
1078.775	1.0	passive	2	215755
1081.785	1.0	left_hand	1	216357
1084.795	1.0	left_hand	1	216959
1087.38	1.0	passive	2	217476
1090.47	1.0	passive	2	218094
1093.69	1.0	right_hand	3	218738
1097.045	1.0	passive	2	219409
1100.57	1.0	left_hand	1	220114
1103.955	1.0	right_hand	3	220791
1107.48	1.0	right_hand	3	221496
1110.485	1.0	passive	2	222097
1113.24	1.0	right_hand	3	222648
1116.67	1.0	right_hand	3	223334
1120.055	1.0	passive	2	224011
1123.165	1.0	left_hand	1	224633
1126.36	1.0	left_hand	1	225272
1129.525	1.0	right_hand	3	225905
1132.775	1.0	passive	2	226555
1136.295	1.0	passive	2	227259
1139.4	1.0	passive	2	227880
1142.505	1.0	left_hand	1	228501
1145.15	1.0	passive	2	229030
1148.165	1.0	passive	2	229633
1150.9	1.0	right_hand	3	230180
1274.11	1.0	left_hand	1	254822
1277.255	1.0	right_hand	3	255451
1279.835	1.0	right_hand	3	255967
1282.55	1.0	left_hand	1	256510
1285.285	1.0	left_hand	1	257057
1287.995	1.0	left_hand	1	257599
1291.15	1.0	left_hand	1	258230
1294.21	1.0	passive	2	258842
1297.255	1.0	right_hand	3	259451
1300.21	1.0	left_hand	1	260042
1303.22	1.0	passive	2	260644
1306.63	1.0	left_hand	1	261326
1309.355	1.0	right_hand	3	261871
1312.52	1.0	right_hand	3	262504
1315.25	1.0	passive	2	263050
1317.855	1.0	left_hand	1	263571
1320.525	1.0	left_hand	1	264105
1323.655	1.0	right_hand	3	264731
1326.235	1.0	passive	2	265247
1329.48	1.0	passive	2	265896
1332.085	1.0	passive	2	266417
1335.55	1.0	passive	2	267110
1338.945	1.0	passive	2	267789
1341.995	1.0	left_hand	1	268399
1344.92	1.0	left_hand	1	268984
1347.48	1.0	passive	2	269496
1350.31	1.0	left_hand	1	270062
1353.175	1.0	right_hand	3	270635
1356.34	1.0	left_hand	1	271268
1359.71	1.0	right_hand	3	271942
1363.095	1.0	right_hand	3	272619
1366.065	1.0	left_hand	1	273213
1368.76	1.0	right_hand	3	273752
1371.615	1.0	passive	2	274323
1374.25	1.0	passive	2	274850
1377.31	1.0	passive	2	275462
1380.835	1.0	left_hand	1	276167
1383.775	1.0	right_hand	3	276755
1387.075	1.0	passive	2	277415
1389.7	1.0	left_hand	1	277940
1392.6	1.0	left_hand	1	278520
1395.64	1.0	right_hand	3	279128
1398.34	1.0	left_hand	1	279668
1401.77	1.0	passive	2	280354
1404.765	1.0	passive	2	280953
1407.39	1.0	passive	2	281478
1410.65	1.0	right_hand	3	282130
1413.35	1.0	right_hand	3	282670
1416.17	1.0	left_hand	1	283234
1418.905	1.0	passive	2	283781
1421.515	1.0	left_hand	1	284303
1424.1	1.0	right_hand	3	284820
1426.66	1.0	passive	2	285332
1429.385	1.0	left_hand	1	285877
1432.22	1.0	right_hand	3	286444
1437.7	1.0	left_hand	1	287540
1440.29	1.0	left_hand	1	288058
1442.865	1.0	right_hand	3	288573
1446.14	1.0	right_hand	3	289228
1448.755	1.0	left_hand	1	289751
1452.055	1.0	passive	2	290411
1455.11	1.0	left_hand	1	291022
1458.465	1.0	right_hand	3	291693
1461.275	1.0	passive	2	292255
1463.805	1.0	left_hand	1	292761
1467.0	1.0	right_hand	3	293400
1470.04	1.0	passive	2	294008
1473.27	1.0	passive	2	294654
1476.08	1.0	passive	2	295216
1479.175	1.0	right_hand	3	295835
1481.77	1.0	passive	2	296354
1484.635	1.0	right_hand	3	296927
1487.905	1.0	left_hand	1	297581
1490.57	1.0	right_hand	3	298114
1493.58	1.0	passive	2	298716
1496.905	1.0	passive	2	299381
1499.48	1.0	left_hand	1	299896
1502.095	1.0	passive	2	300419
1505.565	1.0	passive	2	301113
1508.23	1.0	passive	2	301646
1510.87	1.0	left_hand	1	302174
1514.035	1.0	left_hand	1	302807
1517.225	1.0	passive	2	303445
1520.34	1.0	passive	2	304068
1523.1	1.0	passive	2	304620
1526.595	1.0	passive	2	305319
1529.2	1.0	right_hand	3	305840
1532.1	1.0	passive	2	306420
1535.24	1.0	passive	2	307048
1538.145	1.0	left_hand	1	307629
1540.765	1.0	passive	2	308153
1543.505	1.0	right_hand	3	308701
1546.58	1.0	left_hand	1	309316
1549.76	1.0	right_hand	3	309952
1552.425	1.0	passive	2	310485
1555.055	1.0	left_hand	1	311011
1557.825	1.0	right_hand	3	311565
1560.445	1.0	right_hand	3	312089
1563.075	1.0	left_hand	1	312615
1566.395	1.0	left_hand	1	313279
1569.51	1.0	passive	2	313902
1572.46	1.0	passive	2	314492
1575.735	1.0	right_hand	3	315147
1578.915	1.0	left_hand	1	315783
1582.38	1.0	left_hand	1	316476
1585.175	1.0	passive	2	317035
1588.19	1.0	passive	2	317638
1591.12	1.0	left_hand	1	318224
1593.68	1.0	passive	2	318736
1596.63	1.0	right_hand	3	319326
1599.775	1.0	left_hand	1	319955
1602.615	1.0	passive	2	320523
1605.83	1.0	left_hand	1	321166
1608.485	1.0	left_hand	1	321697
1611.03	1.0	right_hand	3	322206
1614.22	1.0	passive	2	322844
1617.28	1.0	left_hand	1	323456
1620.435	1.0	left_hand	1	324087
1623.095	1.0	left_hand	1	324619
1625.77	1.0	left_hand	1	325154
1628.485	1.0	left_hand	1	325697
1631.325	1.0	left_hand	1	326265
1634.095	1.0	passive	2	326819
1637.33	1.0	right_hand	3	327466
1640.045	1.0	left_hand	1	328009
1642.645	1.0	passive	2	328529
1645.88	1.0	right_hand	3	329176
1648.735	1.0	left_hand	1	329747
1651.885	1.0	passive	2	330377
1654.58	1.0	left_hand	1	330916
1657.5	1.0	left_hand	1	331500
1660.73	1.0	right_hand	3	332146
1664.24	1.0	right_hand	3	332848
1667.385	1.0	left_hand	1	333477
1670.295	1.0	left_hand	1	334059
1673.57	1.0	passive	2	334714
1676.46	1.0	passive	2	335292
1679.3	1.0	right_hand	3	335860
1682.67	1.0	right_hand	3	336534
1685.54	1.0	left_hand	1	337108
1688.53	1.0	right_hand	3	337706
1691.415	1.0	right_hand	3	338283
1694.675	1.0	right_hand	3	338935
1697.635	1.0	left_hand	1	339527
1700.19	1.0	left_hand	1	340038
1703.045	1.0	right_hand	3	340609
1706.535	1.0	passive	2	341307
1709.53	1.0	left_hand	1	341906
1712.82	1.0	passive	2	342564
1716.085	1.0	passive	2	343217
1718.72	1.0	passive	2	343744
1721.7	1.0	left_hand	1	344340
1724.32	1.0	passive	2	344864
1727.035	1.0	left_hand	1	345407
1730.215	1.0	passive	2	346043
1733.26	1.0	passive	2	346652
1735.94	1.0	passive	2	347188
1739.0	1.0	passive	2	347800
1741.56	1.0	passive	2	348312
1744.85	1.0	left_hand	1	348970
1747.89	1.0	left_hand	1	349578
1750.965	1.0	right_hand	3	350193
1753.91	1.0	left_hand	1	350782
1756.69	1.0	left_hand	1	351338
1760.14	1.0	right_hand	3	352028
1763.595	1.0	left_hand	1	352719
1767.05	1.0	passive	2	353410
1770.15	1.0	right_hand	3	354030
1772.935	1.0	passive	2	354587
1775.69	1.0	left_hand	1	355138
1778.985	1.0	passive	2	355797
1782.245	1.0	right_hand	3	356449
1785.19	1.0	right_hand	3	357038
1788.53	1.0	left_hand	1	357706
1791.87	1.0	passive	2	358374
1795.245	1.0	right_hand	3	359049
1798.405	1.0	passive	2	359681
1801.37	1.0	left_hand	1	360274
1804.76	1.0	right_hand	3	360952
1807.645	1.0	passive	2	361529
1810.405	1.0	right_hand	3	362081
1813.525	1.0	right_hand	3	362705
1816.19	1.0	left_hand	1	363238
1819.14	1.0	left_hand	1	363828
1822.39	1.0	right_hand	3	364478
1825.77	1.0	passive	2	365154
1828.865	1.0	left_hand	1	365773
1832.355	1.0	left_hand	1	366471
1835.805	1.0	left_hand	1	367161
1838.7	1.0	left_hand	1	367740
1841.87	1.0	left_hand	1	368374
1844.445	1.0	passive	2	368889
1847.315	1.0	right_hand	3	369463
1850.22	1.0	right_hand	3	370044
1852.775	1.0	passive	2	370555
1856.1	1.0	passive	2	371220
1859.455	1.0	right_hand	3	371891
1862.595	1.0	right_hand	3	372519
1865.66	1.0	left_hand	1	373132
1868.435	1.0	right_hand	3	373687
1871.185	1.0	passive	2	374237
1874.71	1.0	left_hand	1	374942
1877.765	1.0	left_hand	1	375553
1881.09	1.0	passive	2	376218
1883.685	1.0	passive	2	376737
1886.24	1.0	passive	2	377248
1889.545	1.0	right_hand	3	377909
1892.955	1.0	passive	2	378591
1896.11	1.0	left_hand	1	379222
1898.86	1.0	left_hand	1	379772
1901.42	1.0	left_hand	1	380284
1904.575	1.0	passive	2	380915
1907.455	1.0	right_hand	3	381491
1910.965	1.0	passive	2	382193
1914.165	1.0	passive	2	382833
1917.455	1.0	right_hand	3	383491
1920.64	1.0	left_hand	1	384128
1923.46	1.0	passive	2	384692
1926.505	1.0	right_hand	3	385301
1929.63	1.0	passive	2	385926
1932.75	1.0	right_hand	3	386550
1935.865	1.0	right_hand	3	387173
1938.47	1.0	passive	2	387694
1941.995	1.0	right_hand	3	388399
1945.49	1.0	right_hand	3	389098
1948.895	1.0	right_hand	3	389779
1951.84	1.0	left_hand	1	390368
1954.495	1.0	left_hand	1	390899
1957.735	1.0	passive	2	391547
1960.97	1.0	left_hand	1	392194
1964.35	1.0	passive	2	392870
1967.65	1.0	left_hand	1	393530
1970.56	1.0	passive	2	394112
1973.805	1.0	left_hand	1	394761
1976.6	1.0	passive	2	395320
1979.595	1.0	right_hand	3	395919
1982.355	1.0	left_hand	1	396471
1985.71	1.0	passive	2	397142
1989.17	1.0	left_hand	1	397834
1991.88	1.0	left_hand	1	398376
1994.9	1.0	left_hand	1	398980
1998.315	1.0	left_hand	1	399663
2000.875	1.0	right_hand	3	400175
2004.185	1.0	left_hand	1	400837
2006.9	1.0	right_hand	3	401380
2009.645	1.0	right_hand	3	401929
2013.09	1.0	right_hand	3	402618
2015.71	1.0	right_hand	3	403142
2018.285	1.0	right_hand	3	403657
2021.245	1.0	passive	2	404249
2024.585	1.0	right_hand	3	404917
2028.005	1.0	left_hand	1	405601
2030.935	1.0	passive	2	406187
2034.38	1.0	passive	2	406876
2037.52	1.0	right_hand	3	407504
2040.98	1.0	left_hand	1	408196
2044.25	1.0	right_hand	3	408850
2047.615	1.0	right_hand	3	409523
2050.89	1.0	passive	2	410178
2053.735	1.0	right_hand	3	410747
2057.24	1.0	right_hand	3	411448
2060.095	1.0	right_hand	3	412019
2062.98	1.0	passive	2	412596
2065.91	1.0	right_hand	3	413182
2069.125	1.0	passive	2	413825
2071.98	1.0	passive	2	414396
2075.24	1.0	passive	2	415048
2077.8	1.0	right_hand	3	415560
2080.985	1.0	left_hand	1	416197
2083.74	1.0	passive	2	416748
2086.895	1.0	right_hand	3	417379
2090.08	1.0	left_hand	1	418016
2092.965	1.0	right_hand	3	418593
2095.725	1.0	passive	2	419145
2099.115	1.0	left_hand	1	419823
2102.385	1.0	left_hand	1	420477
2105.74	1.0	left_hand	1	421148
2108.855	1.0	right_hand	3	421771
2112.185	1.0	right_hand	3	422437
2115.2	1.0	passive	2	423040
2118.085	1.0	right_hand	3	423617
2121.58	1.0	left_hand	1	424316
2125.085	1.0	left_hand	1	425017
2128.27	1.0	right_hand	3	425654
2131.47	1.0	right_hand	3	426294
2134.635	1.0	passive	2	426927
2137.18	1.0	left_hand	1	427436
2140.68	1.0	right_hand	3	428136
2143.455	1.0	right_hand	3	428691
2146.12	1.0	left_hand	1	429224
2148.895	1.0	left_hand	1	429779
2151.56	1.0	right_hand	3	430312
2154.195	1.0	passive	2	430839
2156.82	1.0	passive	2	431364
2159.735	1.0	left_hand	1	431947
2162.605	1.0	passive	2	432521
2165.93	1.0	right_hand	3	433186
2169.14	1.0	passive	2	433828
2171.72	1.0	left_hand	1	434344
2174.305	1.0	left_hand	1	434861
2177.55	1.0	passive	2	435510
2180.955	1.0	right_hand	3	436191
2183.55	1.0	passive	2	436710
2186.885	1.0	left_hand	1	437377
2189.955	1.0	passive	2	437991
2193.2	1.0	passive	2	438640
2196.145	1.0	right_hand	3	439229
2199.235	1.0	left_hand	1	439847
2202.515	1.0	right_hand	3	440503
2205.68	1.0	left_hand	1	441136
2208.35	1.0	right_hand	3	441670
2211.235	1.0	passive	2	442247
2214.555	1.0	passive	2	442911
2217.21	1.0	left_hand	1	443442
2220.285	1.0	left_hand	1	444057
2223.76	1.0	passive	2	444752
2226.575	1.0	passive	2	445315
2230.0	1.0	right_hand	3	446000
2233.405	1.0	passive	2	446681
2356.53	1.0	passive	2	471306
2359.635	1.0	left_hand	1	471927
2362.595	1.0	right_hand	3	472519
2365.655	1.0	right_hand	3	473131
2369.135	1.0	passive	2	473827
2372.51	1.0	right_hand	3	474502
2375.635	1.0	passive	2	475127
2379.09	1.0	passive	2	475818
2381.83	1.0	right_hand	3	476366
2384.415	1.0	right_hand	3	476883
2387.605	1.0	passive	2	477521
2390.955	1.0	right_hand	3	478191
2394.23	1.0	right_hand	3	478846
2397.73	1.0	passive	2	479546
2401.135	1.0	right_hand	3	480227
2404.12	1.0	left_hand	1	480824
2407.43	1.0	passive	2	481486
2410.885	1.0	right_hand	3	482177
2414.015	1.0	left_hand	1	482803
2417.435	1.0	right_hand	3	483487
2420.175	1.0	passive	2	484035
2423.47	1.0	passive	2	484694
2426.3	1.0	passive	2	485260
2429.49	1.0	left_hand	1	485898
2432.425	1.0	left_hand	1	486485
2435.665	1.0	left_hand	1	487133
2439.09	1.0	passive	2	487818
2442.015	1.0	right_hand	3	488403
2445.23	1.0	passive	2	489046
2448.385	1.0	right_hand	3	489677
2451.235	1.0	right_hand	3	490247
2454.465	1.0	passive	2	490893
2457.71	1.0	left_hand	1	491542
2460.91	1.0	right_hand	3	492182
2463.875	1.0	left_hand	1	492775
2467.215	1.0	left_hand	1	493443
2469.995	1.0	right_hand	3	493999
2472.905	1.0	right_hand	3	494581
2475.995	1.0	right_hand	3	495199
2478.91	1.0	right_hand	3	495782
2482.095	1.0	passive	2	496419
2485.345	1.0	right_hand	3	497069
2488.71	1.0	left_hand	1	497742
2491.3	1.0	left_hand	1	498260
2493.985	1.0	left_hand	1	498797
2496.825	1.0	left_hand	1	499365
2499.895	1.0	left_hand	1	499979
2502.57	1.0	right_hand	3	500514
2505.95	1.0	passive	2	501190
2509.055	1.0	passive	2	501811
2512.135	1.0	right_hand	3	502427
2515.0	1.0	right_hand	3	503000
2518.01	1.0	left_hand	1	503602
2521.43	1.0	left_hand	1	504286
2524.405	1.0	passive	2	504881
2527.325	1.0	right_hand	3	505465
2530.66	1.0	passive	2	506132
2534.125	1.0	left_hand	1	506825
2536.905	1.0	passive	2	507381
2540.03	1.0	right_hand	3	508006
2543.16	1.0	passive	2	508632
2546.23	1.0	left_hand	1	509246
2549.21	1.0	right_hand	3	509842
2552.7	1.0	right_hand	3	510540
2555.925	1.0	passive	2	511185
2558.805	1.0	right_hand	3	511761
2561.875	1.0	left_hand	1	512375
2564.965	1.0	passive	2	512993
2567.915	1.0	passive	2	513583
2571.175	1.0	right_hand	3	514235
2574.155	1.0	right_hand	3	514831
2577.45	1.0	passive	2	515490
2580.415	1.0	passive	2	516083
2583.905	1.0	passive	2	516781
2587.135	1.0	left_hand	1	517427
2590.05	1.0	right_hand	3	518010
2593.035	1.0	left_hand	1	518607
2595.8	1.0	passive	2	519160
2598.35	1.0	passive	2	519670
2600.955	1.0	passive	2	520191
2603.985	1.0	left_hand	1	520797
2607.075	1.0	left_hand	1	521415
2610.285	1.0	right_hand	3	522057
2612.86	1.0	left_hand	1	522572
2615.53	1.0	left_hand	1	523106
2618.495	1.0	passive	2	523699
2621.645	1.0	right_hand	3	524329
2625.03	1.0	left_hand	1	525006
2628.465	1.0	left_hand	1	525693
2631.505	1.0	left_hand	1	526301
2634.595	1.0	left_hand	1	526919
2637.9	1.0	passive	2	527580
2641.345	1.0	passive	2	528269
2644.38	1.0	left_hand	1	528876
2647.01	1.0	right_hand	3	529402
2650.12	1.0	passive	2	530024
2652.74	1.0	right_hand	3	530548
2655.78	1.0	left_hand	1	531156
2659.24	1.0	right_hand	3	531848
2662.205	1.0	passive	2	532441
2665.385	1.0	right_hand	3	533077
2668.755	1.0	right_hand	3	533751
2671.835	1.0	passive	2	534367
2674.74	1.0	left_hand	1	534948
2677.855	1.0	passive	2	535571
2680.785	1.0	left_hand	1	536157
2683.755	1.0	left_hand	1	536751
2686.68	1.0	passive	2	537336
2689.615	1.0	right_hand	3	537923
2692.5	1.0	left_hand	1	538500
2695.28	1.0	left_hand	1	539056
2698.235	1.0	left_hand	1	539647
2701.065	1.0	right_hand	3	540213
2703.71	1.0	right_hand	3	540742
2706.955	1.0	left_hand	1	541391
2710.275	1.0	left_hand	1	542055
2713.19	1.0	left_hand	1	542638
2715.935	1.0	left_hand	1	543187
2718.65	1.0	left_hand	1	543730
2721.445	1.0	left_hand	1	544289
2724.115	1.0	right_hand	3	544823
2727.545	1.0	passive	2	545509
2730.285	1.0	right_hand	3	546057
2733.19	1.0	right_hand	3	546638
2735.995	1.0	left_hand	1	547199
2738.96	1.0	left_hand	1	547792
2741.51	1.0	passive	2	548302
2744.48	1.0	passive	2	548896
2747.78	1.0	left_hand	1	549556
2750.99	1.0	passive	2	550198
2754.16	1.0	right_hand	3	550832
2756.915	1.0	passive	2	551383
2759.665	1.0	right_hand	3	551933
2763.08	1.0	passive	2	552616
2766.0	1.0	left_hand	1	553200
2769.13	1.0	passive	2	553826
2772.57	1.0	right_hand	3	554514
2775.435	1.0	passive	2	555087
2778.4	1.0	passive	2	555680
2780.96	1.0	right_hand	3	556192
2784.205	1.0	left_hand	1	556841
2787.065	1.0	left_hand	1	557413
2789.915	1.0	right_hand	3	557983
2792.985	1.0	left_hand	1	558597
2796.065	1.0	left_hand	1	559213
2798.835	1.0	left_hand	1	559767
2801.52	1.0	passive	2	560304
2804.985	1.0	passive	2	560997
2808.23	1.0	left_hand	1	561646
2811.13	1.0	left_hand	1	562226
2813.66	1.0	left_hand	1	562732
2816.885	1.0	right_hand	3	563377
2819.96	1.0	right_hand	3	563992
2822.775	1.0	right_hand	3	564555
2826.06	1.0	passive	2	565212
2829.165	1.0	passive	2	565833
2832.33	1.0	left_hand	1	566466
2835.36	1.0	right_hand	3	567072
2837.975	1.0	left_hand	1	567595
2840.695	1.0	passive	2	568139
2843.645	1.0	passive	2	568729
2846.435	1.0	left_hand	1	569287
2849.49	1.0	left_hand	1	569898
2852.955	1.0	passive	2	570591
2855.875	1.0	left_hand	1	571175
2859.07	1.0	passive	2	571814
2862.57	1.0	left_hand	1	572514
2865.565	1.0	right_hand	3	573113
2868.775	1.0	passive	2	573755
2871.945	1.0	passive	2	574389
2874.845	1.0	right_hand	3	574969
2877.48	1.0	left_hand	1	575496
2880.985	1.0	left_hand	1	576197
2884.11	1.0	passive	2	576822
2886.83	1.0	left_hand	1	577366
2889.71	1.0	passive	2	577942
2892.63	1.0	left_hand	1	578526
2895.3	1.0	right_hand	3	579060
2898.215	1.0	left_hand	1	579643
2901.175	1.0	left_hand	1	580235
2904.315	1.0	left_hand	1	580863
2907.405	1.0	passive	2	581481
2910.18	1.0	right_hand	3	582036
2913.275	1.0	left_hand	1	582655
2916.32	1.0	right_hand	3	583264
2919.075	1.0	passive	2	583815
2922.57	1.0	passive	2	584514
2925.6	1.0	left_hand	1	585120
2928.885	1.0	left_hand	1	585777
2932.365	1.0	right_hand	3	586473
2935.505	1.0	left_hand	1	587101
2938.12	1.0	left_hand	1	587624
2941.505	1.0	passive	2	588301
2944.725	1.0	passive	2	588945
2947.48	1.0	right_hand	3	589496
2950.82	1.0	right_hand	3	590164
2954.33	1.0	left_hand	1	590866
2957.185	1.0	right_hand	3	591437
2959.78	1.0	passive	2	591956
2962.865	1.0	right_hand	3	592573
2966.22	1.0	passive	2	593244
2969.525	1.0	left_hand	1	593905
2972.505	1.0	passive	2	594501
2975.14	1.0	left_hand	1	595028
2977.935	1.0	right_hand	3	595587
2981.43	1.0	passive	2	596286
2984.27	1.0	left_hand	1	596854
2987.64	1.0	passive	2	597528
2990.82	1.0	left_hand	1	598164
2993.425	1.0	passive	2	598685
2996.53	1.0	passive	2	599306
2999.12	1.0	right_hand	3	599824
3001.925	1.0	passive	2	600385
3004.645	1.0	right_hand	3	600929
3007.56	1.0	passive	2	601512
3010.76	1.0	left_hand	1	602152
3013.615	1.0	left_hand	1	602723
3016.825	1.0	right_hand	3	603365
3019.515	1.0	left_hand	1	603903
3022.525	1.0	passive	2	604505
3025.595	1.0	left_hand	1	605119
3028.17	1.0	passive	2	605634
3031.145	1.0	right_hand	3	606229
3034.46	1.0	right_hand	3	606892
3037.53	1.0	passive	2	607506
3040.93	1.0	left_hand	1	608186
3044.1	1.0	passive	2	608820
3046.695	1.0	right_hand	3	609339
3049.64	1.0	left_hand	1	609928
3052.445	1.0	passive	2	610489
3055.955	1.0	left_hand	1	611191
3059.265	1.0	left_hand	1	611853
3062.77	1.0	passive	2	612554
3065.72	1.0	passive	2	613144
3068.745	1.0	passive	2	613749
3071.635	1.0	left_hand	1	614327
3074.76	1.0	passive	2	614952
3077.49	1.0	right_hand	3	615498
3080.775	1.0	left_hand	1	616155
3084.24	1.0	passive	2	616848
3087.325	1.0	left_hand	1	617465
3090.355	1.0	right_hand	3	618071
3093.865	1.0	passive	2	618773
3097.365	1.0	passive	2	619473
3100.305	1.0	passive	2	620061
3103.3	1.0	left_hand	1	620660
3106.22	1.0	passive	2	621244
3109.295	1.0	passive	2	621859
3112.805	1.0	passive	2	622561
3115.86	1.0	passive	2	623172
3118.505	1.0	left_hand	1	623701
3121.34	1.0	right_hand	3	624268
3124.41	1.0	passive	2	624882
3127.47	1.0	right_hand	3	625494
3130.54	1.0	passive	2	626108
3133.085	1.0	passive	2	626617
3135.75	1.0	right_hand	3	627150
3138.53	1.0	right_hand	3	627706
3141.73	1.0	left_hand	1	628346
3144.54	1.0	left_hand	1	628908
3147.275	1.0	left_hand	1	629455
3150.68	1.0	right_hand	3	630136
3153.6	1.0	left_hand	1	630720
3157.095	1.0	right_hand	3	631419
3160.465	1.0	right_hand	3	632093
3163.38	1.0	passive	2	632676
3166.685	1.0	right_hand	3	633337
3170.03	1.0	passive	2	634006
3172.98	1.0	right_hand	3	634596
3176.115	1.0	passive	2	635223
3179.355	1.0	right_hand	3	635871
3182.615	1.0	passive	2	636523
3185.675	1.0	right_hand	3	637135
3188.51	1.0	left_hand	1	637702
3191.215	1.0	left_hand	1	638243
3194.19	1.0	left_hand	1	638838
3197.635	1.0	right_hand	3	639527
3200.165	1.0	left_hand	1	640033
3202.905	1.0	right_hand	3	640581
3205.565	1.0	left_hand	1	641113
3208.81	1.0	right_hand	3	641762
3212.115	1.0	right_hand	3	642423
3215.08	1.0	left_hand	1	643016
3217.655	1.0	left_hand	1	643531
3220.775	1.0	left_hand	1	644155
3224.145	1.0	passive	2	644829
3227.625	1.0	right_hand	3	645525
3230.37	1.0	left_hand	1	646074
3233.425	1.0	passive	2	646685
3236.3	1.0	right_hand	3	647260
3239.465	1.0	passive	2	647893
3242.15	1.0	passive	2	648430
3245.25	1.0	right_hand	3	649050
3248.655	1.0	right_hand	3	649731
3251.36	1.0	right_hand	3	650272
3254.52	1.0	left_hand	1	650904
3257.845	1.0	passive	2	651569
3261.35	1.0	left_hand	1	652270
3264.115	1.0	left_hand	1	652823
3267.25	1.0	left_hand	1	653450
3270.185	1.0	passive	2	654037
3273.26	1.0	right_hand	3	654652
3275.985	1.0	right_hand	3	655197
3279.47	1.0	left_hand	1	655894
3282.48	1.0	passive	2	656496
3285.045	1.0	passive	2	657009
3288.545	1.0	left_hand	1	657709
3291.205	1.0	passive	2	658241
3294.645	1.0	right_hand	3	658929
3298.06	1.0	left_hand	1	659612
3301.34	1.0	right_hand	3	660268
3304.29	1.0	left_hand	1	660858
3307.65	1.0	right_hand	3	661530
3310.92	1.0	passive	2	662184
3313.51	1.0	passive	2	662702
3316.53	1.0	passive	2	663306
3319.79	1.0	passive	2	663958
3322.475	1.0	right_hand	3	664495
3325.615	1.0	passive	2	665123
3328.965	1.0	passive	2	665793
